{
  "mode": "chunk",
  "target": "min",
  "T_target": 230.55523934200028,
  "T_upper": 242.0830013091003,
  "tolerance": 0.05,
  "base_epochs": 3,
  "chunks": {
    "0": 0.9280553538402114,
    "1": 0.4752144938051131,
    "2": 0.3508322258774696,
    "3": 0.42126619757638667,
    "4": 0.4122297661059984,
    "5": 0.4425587020813145,
    "6": 0.8001680674896938,
    "7": 1.0,
    "8": 0.747387809146435,
    "9": 0.7334390844675547
  },
  "epochs": {
    "0": 3,
    "1": 3,
    "2": 3,
    "3": 3,
    "4": 3,
    "5": 3,
    "6": 3,
    "7": 3,
    "8": 3,
    "9": 3
  }
}